{"cameraMode":{"drawMode":0,"name":"Shaded","section":"Shading Mode"},"sceneLighting":false,"audioPlay":false,"sceneViewState":{"showFog":true,"showMaterialUpdate":false,"showSkybox":true,"showFlares":true,"showImageEffects":true,"showParticleSystems":true},"in2DMode":false,"pivot":{"x":75.443359375,"y":1419.3431396484375,"z":0.0},"rotation":{"x":-0.0003096030268352479,"y":0.014096739701926709,"z":-0.000004368307145341532,"w":-0.9999006390571594},"size":163.3416748046875,"orthographic":false}