{"cameraMode":{"drawMode":0,"name":"Shaded","section":"Shading Mode"},"sceneLighting":false,"audioPlay":false,"sceneViewState":{"showFog":true,"showMaterialUpdate":false,"showSkybox":true,"showFlares":true,"showImageEffects":true,"showParticleSystems":true},"in2DMode":false,"pivot":{"x":678.9881591796875,"y":651.3431396484375,"z":0.0},"rotation":{"x":-0.001807910855859518,"y":0.044082798063755038,"z":-0.00007977928908076137,"w":-0.9990262985229492},"size":163.3416748046875,"orthographic":false}